<application>
  <component name="FindSettings">
    <option name="customScope" value="All Places" />
    <option name="defaultScopeName" value="All Places" />
    <option name="localRegularExpressions" value="true" />
    <option name="LOCAL_REGULAR_EXPRESSIONS" value="true" />
    <option name="SEARCH_SCOPE" value="All Places" />
    <option name="FILE_MASK" value="*.js" />
    <mask>*.css</mask>
    <mask>*.xml</mask>
    <mask>*.jsp</mask>
    <mask>*recipe*.ts</mask>
    <mask>*.properties</mask>
    <mask>*Service.java</mask>
    <mask>!*cy.js, *js</mask>
    <mask>*.html</mask>
    <mask>*.groovy</mask>
    <mask>*.html</mask>
    <mask>*sql</mask>
    <mask>*.cy.js</mask>
    <mask>*.java</mask>
    <mask>*.ts</mask>
    <mask>*.js</mask>
  </component>
</application>